Province,DHI201801,DHI201802,DHI201803,DHI201804,DHI201805,DHI201806,DHI201807,DHI201808,DHI201809,DHI201810,DHI201811,DHI201812,DHI201901,DHI201902,DHI201903,DHI201904,DHI201905,DHI201906,DHI201907,DHI201908,DHI201909,DHI201910,DHI201911,DHI201912,DHI202001,DHI202002,DHI202003,DHI202004,DHI202005,DHI202006,DHI202007,DHI202008,DHI202009,DHI202010,DHI202011,DHI202012
An Giang,0.38364810542574734,0.26242405124333473,0.3437972069954563,0.5380419418852888,0.38100314637108557,0.42419309996628873,0.4943824981970126,0.66609212269853,0.5345080749532067,0.5801538547261593,0.5773205848209669,0.6453582613529844,0.4183534300974248,0.482036525340205,0.5479770417739376,0.4777216953335181,0.3739465587091754,0.3570551841967479,0.4566633302421455,0.48048344243180513,0.36031848408424055,0.46642835813885236,0.5873834600836323,0.6175886209976631,0.611437704310279,0.5889139457755733,0.6250262785883093,0.5956934482353338,0.48792809868154313,0.28776898980341137,0.43290553812919624,0.49703126491983335,0.4476708684968203,0.5270774918696896,0.5525088969638692,0.5538327045975203
Ba Ria - Vung Tau,0.4794761519656642,0.4807754419194838,0.3771367895278534,0.5788030292221307,0.695498384245563,0.7263493046382558,0.763051135823987,0.7533021031007022,0.632552870906174,0.6312788006400425,0.5017256659927748,0.6327159954272716,0.4520794240129525,0.6002514422531023,0.39606071059250003,0.4571327128389687,0.4528058180097316,0.6186823216218059,0.5666666351518559,0.7439172355308488,0.6220074507517211,0.8303117947107267,0.7054092558758964,0.7208548916917349,0.5701675004382103,0.621685527603767,0.5118095194173221,0.6892019488052623,0.8647453634921765,0.49443176564201985,0.52459383067901455,0.5630105613769184,0.7159886523525262,0.7066264382464421,0.6841949287835345,0.5762825807059102
Bac Giang,0.5108882483984184,0.6759629621992891,0.6984070649156621,0.6068323996928664,0.5075644919793106,0.5888798923357682,0.27835735217691426,0.23180606474199594,0.3395727386677714,0.31273193954701267,0.24572880674131195,0.3658387330476471,0.4960111040999145,0.5666839822854466,0.6445031052806544,0.4866764298585765,0.4452619919438598,0.4443190290166508,0.5178345843328198,0.600067319111585,0.4774622691335308,0.2986689005787446,0.33171959663888057,0.3721034912625676,0.2645435411830948,0.25675487912833933,0.38257885573448186,0.4317951409824861,0.39960185672660403,0.47446348595764976,0.6458922856188009,0.6060598070996864,0.48522819858887783,0.32813213110569317,0.35362943277476355,0.3848737117753433
Bac Kan,0.6223182172397307,0.6283553661838048,0.535906682308309,0.5158333777876463,0.43528171425158335,0.5967604907569847,0.6329425993089413,0.6143558356369494,0.6059865833012851,0.4004496982394195,0.37877883399549855,0.4557150882089051,0.6733454493965214,0.5785249335801773,0.5123059352328221,0.37555944794545754,0.38474531019868746,0.3759428819364657,0.44705163344688137,0.6351084207599246,0.547582090438949,0.43347405043197673,0.3758287459343588,0.43226682007154105,0.46484466038613126,0.37803568608803884,0.46809036143692345,0.4215204931087245,0.3264641904362961,0.5113778957385845,0.7248060492537931,0.7750198373291111,0.6073874574041993,0.4848839197493265,0.44006683106185257,0.6134657823721029
Bac Lieu,0.5180881409688691,0.4594255767928098,0.5497842016392563,0.7986684241411786,0.6848136524694479,0.7462934019559964,0.46670332413832233,0.5941557522096713,0.7124279727564216,0.8539836420225447,0.7581535165433434,0.7903503845505948,0.4539331080710866,0.4772754716707374,0.37717229087523996,0.5228546704619449,0.5436314840494505,0.4444334064326491,0.5525282642063954,0.6279027182621449,0.6949691145116569,0.737918003154385,0.7526138333456286,0.7349045034226942,0.7374547245958413,0.6532617668484489,0.5386030786889024,0.6996481588242737,0.7649888783582781,0.6031244034031698,0.5795823217942003,0.7598542787997208,0.8009282355512997,0.6385950275479755,0.5584366972830926,0.5976168508228067
Bac Ninh,0.5863670176479503,0.8466544388726517,0.8665178807657654,0.7359069711440366,0.5387648606039167,0.6769562804540167,0.25154713061610895,0.13841737585558578,0.32103686569312606,0.35726526706081563,0.29194201904168116,0.3502202882451756,0.44144263077954643,0.7089116688484528,0.8063666218327764,0.5551728181346879,0.5725462421740394,0.5923473431969944,0.6223872361640584,0.5175498320445784,0.41592048275218513,0.3747897901795461,0.3563920302153532,0.3791365317539922,0.2722572396452232,0.39942426667449754,0.4590804869021961,0.5167054843356185,0.42752737889378095,0.5239531574072747,0.5990569691174924,0.41206735912364534,0.35556142019131093,0.2971302867473196,0.3630176614316778,0.45178883283665605
Ben Tre,0.3518511371564431,0.34476929064322276,0.38671950310307895,0.54568186345261,0.5058561102639614,0.4690015000207,0.49545946741557756,0.6087588058405649,0.5782151986798966,0.5724621639999055,0.49889049359845833,0.5804043012039302,0.36630378989109597,0.5066052878071998,0.4462652995138062,0.3889465082235411,0.39712639816812656,0.4686982448211396,0.37906819787037527,0.594972650998295,0.559773379101955,0.7629619344667532,0.780574966668817,0.7630219056155066,0.6243990906298491,0.5740521553068028,0.5243121423398496,0.606787338686216,0.7589517330461499,0.4240405394690454,0.40798939099880926,0.41469270919525086,0.5392824088909474,0.525079186199136,0.49029295469915546,0.4949687566033028
Binh Dinh,0.4243284772325798,0.5241442906499306,0.47002263465752475,0.5789327041304411,0.5404837119592106,0.3426854498878598,0.3047478475594622,0.4680275828734283,0.5771234200291125,0.6027937620433892,0.5652646208488268,0.6906067505479805,0.641120358444209,0.603858041335236,0.6622402340615767,0.6176161419804845,0.4739364199704789,0.5593716772246026,0.6118749223129438,0.7147329968460076,0.5551646562183405,0.5285279178593374,0.5417701917397629,0.5661838673892171,0.6081348352611009,0.5512713105368522,0.6429474124757144,0.6894149148967833,0.6583894250794051,0.4823049327774205,0.4362584648690995,0.525139964658552,0.6263872296771046,0.5623201693739065,0.6647088223127114,0.6771004944924841
Binh Duong,0.24541874363577043,0.2421042610579541,0.19316563284058522,0.3738797131386969,0.2939236111245062,0.30036038144080074,0.5158989900536177,0.5832732223472894,0.46467047656611943,0.45776018928994106,0.29516571387037716,0.3502074086004673,0.2279488530728873,0.39546188501748114,0.24943686957314606,0.2299635211530505,0.1993479144345174,0.28450951970506355,0.3264001007155735,0.5214991083055692,0.403784522243335,0.5580080867232011,0.4793396485854832,0.43154892110483295,0.2832658796225654,0.2636806740117776,0.22635453590835453,0.32402934293877195,0.41365957045572416,0.115562071380645,0.26805385923678304,0.36656955926279944,0.4335547187537616,0.46067162023345504,0.4315597593392019,0.2781247963002126
Binh Phuoc,0.369014485363868,0.32336457919820455,0.22148536270508093,0.31565766351951013,0.3687614288198257,0.4508187738682116,0.6487650739394896,0.6858766727420091,0.5413464470545786,0.5094221178322306,0.359041876444334,0.45706268240117987,0.38867489959080087,0.5181556357855717,0.3118350135015325,0.26834187532254156,0.33522733093683255,0.467215527543509,0.42956854021197777,0.565662836866625,0.46739362425010583,0.5645828150285657,0.4381905716036378,0.4228900632037621,0.3621657179875129,0.3880109129348422,0.33019027676282037,0.4208649273766032,0.5053856550150877,0.27274175363079417,0.3894989698383717,0.4945732214221838,0.5871864280581898,0.5518136814818319,0.493029949781917,0.34995810472493016
Binh Thuan,0.5473213836908348,0.5622864710543252,0.4387601936714929,0.633208890650684,0.8255697257435566,0.798922693222377,0.7592909324738647,0.6898211492960679,0.5425170473403107,0.5158932013764508,0.4389859601738275,0.5773740853109633,0.4304606123365992,0.5541638667031702,0.38321227424402365,0.4269313335048955,0.5607941462555992,0.5639192691247098,0.5484847146969892,0.6448633272282317,0.4810841590808851,0.722957917835574,0.6099451101682883,0.6768065694347628,0.5484054528759611,0.668518203334268,0.5821662481325184,0.750113580112794,0.8627591757462216,0.4065079957120732,0.44978050551744303,0.4929499987753035,0.6702697065389548,0.7933344923257103,0.7346467418568153,0.5238942400178455
Ca Mau,0.7567937515140475,0.6684105254720845,0.6548572148216487,0.8988115185257605,0.7569619409230478,0.8337229893002427,0.5815510522455396,0.6617007101350261,0.7093423617354766,0.8025848804252103,0.7751277619446133,0.8967181738823307,0.6936144818278948,0.6579062329891769,0.5322811176087453,0.6494013619178799,0.6408757683182656,0.5571714061910557,0.6704826882469435,0.6734580236089667,0.743268445953319,0.6852914997325108,0.7233610361860093,0.8032991174648141,0.9361492500143201,0.8935485581721494,0.7312492456515686,0.8441735860225784,0.8645238442873887,0.603975854204453,0.6991325434892159,0.8314275366278874,0.7697174892701895,0.5670471533066158,0.5718907444941383,0.6903160441184925
Can Tho,0.46344719593081424,0.5269050776593944,0.5569596975288986,0.6174269869932997,0.4063058017148258,0.6487742662456896,0.5356473849303742,0.45904049526987484,0.5219374087313439,0.7887131698527748,0.806335376431106,0.766597532820762,0.5203651406455745,0.7179922919900339,0.5078785558223077,0.39310515663927814,0.4128888181557654,0.495404242130531,0.3587720909136984,0.4542108910146994,0.5309183227276495,0.740141418426133,0.7633314619364074,0.6554396677924145,0.7257045600807486,0.8020079505326083,0.567600472175931,0.5311705601161355,0.5849716462282774,0.5483722602098006,0.38472122060017194,0.4208825726335856,0.5397487767271015,0.6625878784692539,0.6941999781830334,0.5677375063208608
Cao Bang,0.6045507381405979,0.564231771859969,0.4613563484908342,0.4371823328738403,0.4087152445390929,0.5018807104294619,0.5223052248120562,0.5345504294377281,0.5065640172438555,0.3741654493808093,0.32721136209589813,0.3981793314137639,0.5412021965161389,0.4918213511878408,0.42246015438617385,0.34895945361528613,0.4049311559607978,0.2743787206715748,0.37249447679963404,0.5406348560933103,0.44728468939157984,0.46192916549082214,0.4190663353572705,0.4144696821619827,0.4745375185695108,0.3553027091948479,0.41069200691202057,0.3471256200742241,0.2815897285292262,0.3736571413376427,0.5611060656520871,0.6854498544483614,0.6414458663409699,0.5725778641996101,0.45121898703049795,0.5620624720755606
Da Nang,0.46017911922951565,0.6354822817487465,0.5404467019398824,0.5063145791924797,0.6588679902180306,0.570858701785332,0.4961478426805874,0.6561787212443856,0.7248610670740414,0.6964739062142493,0.666952268680311,0.8022054519305887,0.6327983082755451,0.6040644052164119,0.5386805321467298,0.6867329089062706,0.6131113948721696,0.650668882602322,0.6242263874202266,0.5721416788988898,0.5711077709387068,0.557771384990069,0.5043217206171551,0.5382233027971188,0.5899737312680087,0.5765179612127832,0.6881337120138139,0.6859117174618691,0.6760886370902827,0.6005856366313118,0.6756546934736346,0.7487707769696494,0.8224989778006058,0.4738614086337751,0.48223498214473154,0.45925584240465706
Dak Lak,0.5701513062567314,0.5471460869335589,0.37527342157749527,0.44761915219204995,0.512931419723687,0.48511198969107694,0.43724114437714084,0.506853425218092,0.47421711206294137,0.5701712309112753,0.5420395217776751,0.7516492641739176,0.7642454710219811,0.6668322479983179,0.5333483892462353,0.4785354914272226,0.4161818236507407,0.4844210977109192,0.5181273098654264,0.560439291696938,0.3496352410451462,0.4269288236036077,0.38502023878482106,0.4738362723099093,0.5442779737108222,0.607999140350376,0.5617760400259029,0.7949050410551923,0.8225587541608942,0.5641025236948614,0.45576069799443153,0.44815848672691794,0.4181930789885966,0.41550094424079004,0.46725037629229677,0.44992383980258355
Dak Nong,0.6274677655746643,0.637189318579892,0.4602673315301322,0.5571909752617888,0.6162226326162071,0.6297270984167651,0.6296049542698645,0.5829621416098698,0.4798390504511536,0.4841710212160282,0.41275814299320485,0.6669004336571958,0.7191876033296656,0.7616747181964573,0.6370842602008812,0.5208459141377353,0.5444188547566827,0.5565981509636697,0.5371777332992538,0.5512527266697059,0.36094635787119655,0.4232532700652198,0.353501038816822,0.47049702983824365,0.5703754929080442,0.7515084914615572,0.7225260160913544,0.8058377812300515,0.7815644953174913,0.49013411695753567,0.45682110687166366,0.43841723997809146,0.5054947472679776,0.49011057286123555,0.4529163865667989,0.43090361617276174
Dien Bien,0.49091693503797723,0.5091784930288615,0.3315201453729481,0.3919040742014371,0.4608297899569171,0.5176409448236802,0.5279814949962829,0.4893675252239053,0.532090190663752,0.4157921093910172,0.5146561874594143,0.5244895404985302,0.3294934634904288,0.5220065381963414,0.5005652734553784,0.757896484143038,0.9418663898655285,0.7477782137410892,0.6623930206047894,0.7715423440118386,0.6725550117324304,0.6623648966656487,0.7924767345283673,0.6041133405345791,0.725787402440119,0.6091784511749758,0.6438353158714201,0.5299042990181361,0.5832152832839332,0.5100323609874776,0.6145926693364511,0.5242957322786057,0.45620017641349364,0.42877193861864143,0.632088765793062,0.7701333356152864
Dong Nai,0.28335856304794255,0.32833680195176557,0.23799002310300277,0.39751231586226693,0.47682924537091137,0.49408796036098485,0.5905746490957445,0.5977706851725978,0.44979557139358534,0.40342788560068327,0.2688079451333878,0.37303670100327796,0.25526281508122933,0.4334352355740761,0.2861408527985039,0.2873556615819956,0.30730093993742197,0.3573962611330047,0.3770151383254831,0.5381652769140239,0.3951108297083217,0.5625845286266503,0.467124851321071,0.42788676514807483,0.330149627219853,0.39532895389101425,0.34538551331906403,0.47485430217930563,0.5773520426192439,0.22294168745506063,0.3041927516468068,0.36306968669290557,0.5092687198191417,0.5129331864148332,0.5511064502791418,0.32418115808376874
Dong Thap,0.32995551867035644,0.42143570160657845,0.4662883114004444,0.5315360412137287,0.2551851492425247,0.4702086108838574,0.5522240025511947,0.6343070657644749,0.5735999561552287,0.6355728790744385,0.5012767831047663,0.5093467244350749,0.389274815494041,0.6794989208569711,0.5988644320056465,0.37687621606708577,0.28329665272930077,0.4697578435060044,0.45344346090347115,0.5505170865261487,0.5451416528708432,0.6903251216649424,0.6036704469722818,0.5591696274332191,0.5834749125122195,0.6757527170810043,0.5924624092660488,0.4653008762227362,0.4368002445144747,0.32769887340507914,0.3618933210987963,0.40034959711613943,0.43972245546580424,0.5896130622462515,0.5994986160652244,0.49143631096476065
Gia Lai,0.45922865392635526,0.48971509697041143,0.37790609041502543,0.4869501949765453,0.5409017408296742,0.40543461165478384,0.3118548705677474,0.4255851250472959,0.5154071541859724,0.5809754088458418,0.5976519864563752,0.758013974833655,0.8146948695672852,0.7245707802249501,0.6685147084938718,0.5467261237962793,0.48750618704904625,0.540217705609692,0.6168528584008633,0.6245387250869215,0.47726850791487363,0.4662067427901755,0.4239738425524106,0.5074628279347693,0.5829798060788275,0.5475628020481416,0.6073888184334361,0.8030712521699823,0.8106453172824339,0.5877995463573523,0.5217005680911879,0.5273519687242036,0.5332041906031119,0.46411254728431106,0.4577721051472713,0.47966035321435646
Ha Giang,0.6660413176468463,0.6165242141141438,0.4730160060157346,0.5065253824268713,0.38067085903173165,0.5156355409747263,0.5481237445683446,0.5433651772339377,0.5641681934885641,0.4468995855229774,0.4632807078718724,0.49834586098251726,0.474898093250772,0.48811345202354844,0.4102550273162896,0.41658906668696966,0.42537008060223636,0.3991107952812547,0.46166124267989517,0.6475383757716402,0.49877324894042485,0.522836991340314,0.5242811764769663,0.4709414184944101,0.5485859121604753,0.4296590327199208,0.38806768439940864,0.408508855680658,0.3073819953212737,0.363198522464838,0.5209521242038854,0.516894452933342,0.5038193139718156,0.5179251768690114,0.471779413644465,0.6140219579028817
Ha Nam,0.6727631925340057,0.9064995768279065,0.8297172209744408,0.5782759150739245,0.47572044204914543,0.6956023396819065,0.23494060505948364,0.25360825008295185,0.5829716955794625,0.6540093065561422,0.5292914246917624,0.4975525008906896,0.5535081122883273,0.6589820490467944,0.7904220336080753,0.620751794293219,0.5264325487951232,0.6803116981421992,0.5631250476904716,0.5751409900269554,0.7504859247964091,0.6422521126895214,0.5999477805758795,0.44971206507005196,0.3361888480227388,0.438294710377944,0.4583667270757281,0.5171383660871519,0.5583580292896179,0.7995655588096342,0.7904409236640937,0.6089698624691748,0.5132133304493866,0.4894677331486757,0.4483308124352044,0.42774890727307574
Ha Noi,0.6242989735836728,0.7973427046554447,0.8214797044553014,0.6609332046246041,0.5416460685186172,0.68578206522849,0.33981460555186016,0.47837992605593355,0.6883629106034028,0.5311438843866831,0.42913714037069306,0.4896386702222103,0.5634248452262259,0.6114295852022609,0.7665971663366946,0.5511873605017992,0.6005990810653449,0.6656475868277698,0.6279171570078322,0.634767562929281,0.6651944420166568,0.47834075042354207,0.42826556321825954,0.4446692401112376,0.3140462567549109,0.3507065768097129,0.45142239061401007,0.4690461318097418,0.4646578203752973,0.571419377022459,0.6411127736641322,0.6613840074296481,0.587770077510938,0.4639867778616354,0.46574026392429546,0.5119889091177064
Ha Tinh,0.8360249896303801,0.7780904598803755,0.6642953261559619,0.4929476686532342,0.459697959917449,0.4821659332240201,0.12666386124462048,0.3627626203586311,0.5622422598230362,0.6527662904822944,0.6322149831718656,0.8385567913639657,0.760878055093878,0.6260878675342496,0.605233684770544,0.5008005641841735,0.40325849323834395,0.5656531658838369,0.43205077366834826,0.5132488070800837,0.5109726019467462,0.41110133508607877,0.35547893154330795,0.44489118292905866,0.4801624013270274,0.48568414468190585,0.44367557951585174,0.4736421599917313,0.5178815253785646,0.5958686012780046,0.6557532768191716,0.6570513220768599,0.7188927651290778,0.4824733114909566,0.47131083785860645,0.5277002098010525
Hai Duong,0.5746727249844571,0.7876813036027632,0.8795466214206843,0.7679267496346156,0.559143748771082,0.6643348016492053,0.1752287414159724,0.28884568278803396,0.5064380807633174,0.5470544406691986,0.4182734812475762,0.5318914838396169,0.5633441074244193,0.712791639240289,0.8631574295266445,0.6276571885136031,0.6103389519624413,0.5791862589655288,0.5187131240097455,0.6545995810340327,0.7121473060981431,0.5930927740213335,0.5879703604104403,0.47425684323781925,0.3252619260704364,0.3561604652163842,0.4893886832617486,0.6143688856733971,0.6432851115395534,0.6612414950381318,0.736809254032073,0.6435366430916468,0.563946387861868,0.4233000363197593,0.43587399635113655,0.47015916019621906
Hai Phong,0.6672874644305758,0.851097940459002,0.8726831507149193,0.7679152276515343,0.6065671346098012,0.7700014514551051,0.32187769442339687,0.43353604457221545,0.5429550223206246,0.5993335695792777,0.49205438930538176,0.6247392845136188,0.6758298256094444,0.7769929786499278,0.8705655749636162,0.6196879992769225,0.5422751843113833,0.5978460010175948,0.6974763079222168,0.7739211466906762,0.7734414234906418,0.6850094151155589,0.6861228278189704,0.49387161357490705,0.3985595665293983,0.478748127941451,0.5573305178616476,0.705988142044471,0.7254018412937039,0.7212883882657793,0.7553288950621596,0.6955937934627358,0.6460484542317859,0.5046065954396132,0.5147404050263775,0.540041122270459
Hau Giang,0.5779821151131175,0.4079551437060798,0.5165088884664666,0.7762820705680931,0.6338943125547336,0.6863213952141807,0.47424665366506796,0.5109992254962137,0.6101781526017669,0.752519891447097,0.7896822264202816,0.8767443804520594,0.4402096723958992,0.48040892491196857,0.4523662810987274,0.5499115085399701,0.5017074911685027,0.47719934016199855,0.4290196287123877,0.5690996218117508,0.5893398828538796,0.6689397270666398,0.8209671996149458,0.8585744929087632,0.7122928411126502,0.6385397965290245,0.6136916977869642,0.7118294317744379,0.6936990956615313,0.48105767178097486,0.4859653809994467,0.5524602237590618,0.5635538340352425,0.5478011737787155,0.5520254613722645,0.6181473167116598
Ho Chi Minh,0.5193992341891323,0.47951114644165943,0.42674341068076127,0.5955062857463633,0.5562983878652957,0.6102193346172666,0.7350448178069661,0.7665260516009323,0.6708919209641231,0.6390677861921115,0.48399179573154955,0.5962946898805664,0.4921806035277753,0.6158714122115205,0.4893514325968425,0.464438042641751,0.4059999705683401,0.5937070467513286,0.5999617817780243,0.7531390390424703,0.6319326246457854,0.7803717473700823,0.7348375996077531,0.7472410492189365,0.5953805703067719,0.5891942445128548,0.5351474846201736,0.6133982695625753,0.6616688631839805,0.38636755202139295,0.5165762662071126,0.4951509730356708,0.5687181600693427,0.5777480693366447,0.6294164433338332,0.5063186271200959
Hoa Binh,0.5880671000436243,0.6509057546996603,0.6475337187169965,0.4624892698928821,0.3415467144660193,0.5530945431740562,0.3362225912827233,0.41859007008951743,0.49383200300769803,0.48698348926694485,0.44885806211867524,0.4945138717960846,0.4512952105501881,0.42399113278510764,0.5899145498555303,0.48297807554089,0.5235530652515935,0.5881127187222749,0.7193778216030488,0.6625545593524547,0.5696955390183602,0.4668173118460601,0.5136568016932261,0.3785573260268225,0.2897965079147615,0.2686083344967864,0.251919612783213,0.3565245771448015,0.4182462460274077,0.5790711010298625,0.7556814998516828,0.6808553720880118,0.5297913186093383,0.4524264671700287,0.38520535666198413,0.42244199629287854
Hung Yen,0.5802909548777608,0.8654610058442366,0.8882448736696191,0.6690757525850396,0.5375328413716713,0.7509435760379568,0.2969534537543787,0.32626226711820167,0.5644514105865454,0.513559399036086,0.34679880066241064,0.3848518210749812,0.4298796849978572,0.6408516842323765,0.8401144675289646,0.6330283328683981,0.6409993319883849,0.7212262886255618,0.6126597840124357,0.5769771156524234,0.6930846285350861,0.5256832960334956,0.4991817644755206,0.43403252152095945,0.32080968363151124,0.4144679008597655,0.4899463505351081,0.5641266706644478,0.5693205735620277,0.7251134020467325,0.786633139215266,0.5774825672719357,0.4939694990985052,0.34250506959986904,0.3241295171834359,0.42205334016107865
Khanh Hoa,0.6645762616008716,0.5876198588146477,0.4795392482790639,0.5334820987502155,0.5784130501721456,0.5973859185643166,0.6069965943880461,0.7825375979156568,0.6180941177902713,0.6206526181277814,0.5789680569333714,0.7377088050698284,0.75707675105047,0.7095441475472762,0.5725718387934484,0.5552516552205256,0.5049138708219894,0.5386700362641377,0.5788887325380543,0.7392450642188859,0.6173148678132108,0.6710546378136206,0.6022113036054334,0.6445795881765841,0.735164317323226,0.6687625453514563,0.6425980327702574,0.7500309206543296,0.7935915250011722,0.617977920145213,0.5525635901084723,0.5430037454635414,0.5954207442825011,0.5411731129558396,0.6350674349911236,0.521137662548776
Kien Giang,0.44002912136698863,0.4203013811774669,0.41769635833011753,0.5936971297405653,0.5377116185191858,0.6591105549775036,0.4369766687103244,0.45249870716264146,0.5926027418303076,0.7779687449188195,0.7573806350923016,0.7390731362939839,0.42313675321209193,0.5289948826957733,0.5092732336102619,0.5610672036195468,0.560907869892839,0.45242812975677815,0.4803724169513893,0.4581530710858191,0.4428022754518122,0.5826326319498831,0.7029424459486935,0.6796002055023636,0.7038471564096003,0.6966359402730384,0.6620023155055219,0.7369616055354451,0.7279314576778667,0.4885979749949505,0.4432014504030704,0.5542556752032879,0.6292312602233133,0.6683384898160221,0.631069597963988,0.5870667998220085
Kon Tum,0.44543337373088926,0.49120221434244893,0.3762732227874591,0.47609966323435227,0.5690507266339967,0.5217790853047959,0.43139846718157765,0.5440359883005748,0.5531555174370087,0.5774703329604318,0.6080266294983963,0.7488312919080069,0.7242094285199823,0.6454573335988509,0.6251157492647846,0.5422896764130333,0.5828939457159845,0.5733792063091123,0.5465148968789707,0.6407221760311901,0.5545527679814372,0.5162451393008586,0.4653389988639744,0.5180844632811432,0.5913911875528455,0.5649762491939856,0.7123572862246614,0.7579660623244646,0.7210149883102743,0.568084855258098,0.5002596734573206,0.5871300517718626,0.6495067917823796,0.4699769782707464,0.40702820414891244,0.42548967055865367
Lai Chau,0.49242257736345435,0.5222394332968774,0.3716456439099821,0.4315635397646878,0.46836512458036367,0.5922019508410998,0.5726430252300448,0.544729054464193,0.5839401518594949,0.43553292773086394,0.49392270907086616,0.49682293986911097,0.385067652759567,0.4817555919191013,0.4523776715403548,0.6617426150656383,0.7655217157538755,0.6713043731242425,0.6733604817285522,0.7742460969544347,0.607466933944755,0.5500799663981304,0.6907731133947245,0.4972996450073507,0.6353014792985435,0.5217363898886678,0.4909654481144609,0.49004471448383075,0.5602968791055698,0.5586640472272868,0.6734113890011134,0.6079848623123498,0.5503099596333593,0.530132495398684,0.6525326512827051,0.7752527411913838
Lam Dong,0.5873770485015193,0.6092722467466557,0.4423787650967949,0.588471827818744,0.6518399850778954,0.6690296166592693,0.685693487577684,0.6198671191603587,0.45765450190278173,0.4186571267744476,0.3578521594644025,0.5776363754474474,0.5325916534633117,0.5928011700459193,0.4869199985542066,0.4616761018641919,0.5121735553956344,0.5500397084377028,0.49375289730268024,0.5781400741619673,0.4279808308653979,0.5127183802661694,0.43212013630915996,0.5098079435139449,0.5326463632753327,0.667315478802946,0.6274195585043261,0.7301307865003446,0.7169606134766078,0.35972024542245556,0.3770253251033225,0.3921488598186433,0.5676690616999718,0.617869209710978,0.5928709226837205,0.4680848238611349
Lang Son,0.5433518092343452,0.6293882108329448,0.6127291967047386,0.5255870525823194,0.5292980510693549,0.6313711007938969,0.4884903870695882,0.3703836530140559,0.38969999003928996,0.2541361077946443,0.23461056849486597,0.3555282203703989,0.5706776064559622,0.5743222233765755,0.5861481437636693,0.46404971598612615,0.4487242614927347,0.4277062351016431,0.5284484796602783,0.6311309454160801,0.46833487200524776,0.34614106858755855,0.3903851176169496,0.4354034028444335,0.3518775375332112,0.3044081277296499,0.4773804536901403,0.42174858224520656,0.36718975174125407,0.47321902431682317,0.7518550837335828,0.7750511164236445,0.6543048696196623,0.4525100063715804,0.3982779398969618,0.43253729925766243
Lao Cai,0.6058649798179505,0.5731101763379202,0.46500667321952016,0.5079946377220882,0.4315972011450326,0.4923238729434528,0.41538441494983486,0.4419458496243238,0.47973357804522543,0.44726351342250925,0.5195872295165005,0.5705001792376152,0.47100753142870716,0.5708406077883618,0.46897042731716226,0.6499527068105818,0.5927881654293428,0.5059664546555483,0.45303083614544787,0.6475718505395511,0.5037007004362577,0.551302068095402,0.7009765032699824,0.46912857226989363,0.6446308521383072,0.5272688552066463,0.46965219110452744,0.4165804011326361,0.41750547306066965,0.44631067145617553,0.5025062881764304,0.4280372222364473,0.45154413942468424,0.5180791152344453,0.6165453359943103,0.6965766688390302
Long An,0.26983598938806486,0.21725747140218657,0.3303215853937748,0.5237252949766804,0.37215920149708337,0.37260764208295066,0.44543162583471735,0.6065058564511728,0.6289408770354827,0.5814397160621949,0.4428701935778971,0.49408899478950485,0.3105726033925473,0.45241446355809445,0.4275105196039721,0.39789910781507315,0.3616541473164099,0.40846325644364034,0.38159301911596616,0.611270263618005,0.5735113266347212,0.7110967783830017,0.663327193163118,0.6123036113206961,0.4772297392014554,0.4421143772425296,0.4837642424288496,0.535366365682372,0.5946651745294574,0.29247328502219,0.27987704898741267,0.3355017578042562,0.4483014743302807,0.5526933518264362,0.6016611425253285,0.4940454286965164
Nam Dinh,0.8460928428271183,0.9703527079908522,0.8809054850401061,0.616999767914751,0.5376544055539915,0.7696463600017289,0.3447082652929629,0.15740456631699032,0.45110085330114985,0.5844826707151307,0.49144895841546865,0.5780737878370898,0.6170587052399071,0.7189908837844045,0.7562826289577543,0.5998712351039456,0.4790797043895366,0.6897857328519277,0.665020914220655,0.6111329497237632,0.6892148693357625,0.6506395079572964,0.5874403957379107,0.481327464398883,0.4304904461298536,0.5745004253870116,0.5625677327665062,0.5535760989336462,0.5653493496208295,0.7860448544015124,0.7907935973577802,0.49654870442750215,0.5880816362216214,0.4995492283852944,0.4854945499594302,0.530606990704972
Nghe An,0.7857073241334547,0.6698004977269525,0.6369455109397754,0.4599470208376695,0.3870511983586787,0.5080479980891006,0.13421460676471833,0.2320412078369048,0.4283441113844583,0.5844738636042004,0.5708659427321787,0.6622920108591199,0.45839875329023266,0.31753730804341657,0.39213697429037836,0.3954293822489311,0.46014177513239557,0.6453977892356598,0.4798752278192541,0.5460425901212442,0.6082302237008422,0.4995054993230212,0.46634082547616446,0.3144024992500931,0.2933553378815982,0.35810698390865653,0.2658095676192673,0.3966217989353869,0.47653146119815676,0.5612607655482671,0.6686797969983217,0.6063954649419233,0.6019566950904457,0.4135235073009006,0.4255438528351092,0.4017991262283495
Ninh Binh,0.8069610290094116,0.861457676272069,0.7767886610081361,0.5504531552519477,0.45073472028678224,0.732929400064909,0.31979556993164837,0.2049851847190017,0.4989979690053783,0.5883534513741233,0.5843465135286539,0.6267483670727011,0.5648478797825552,0.5348597395498251,0.6135544714914873,0.5363104942674805,0.412468062577107,0.6661416197291973,0.5845621331764707,0.5621682622795928,0.6949530261339055,0.5976217433186303,0.6330745720612766,0.5062104343009862,0.4458994413376601,0.45210338410458056,0.3941312485981265,0.4532010239625193,0.5402408369883939,0.8021463054997837,0.8989844033369604,0.5615611616782478,0.5478979583008082,0.49196778832992777,0.4905651853911307,0.5257379750222453
Ninh Thuan,0.6932939419582832,0.6830123014434432,0.4880867790853755,0.6117619184582563,0.6986514512285099,0.6544139571587139,0.7100472145450955,0.7457459386675522,0.6393514340870529,0.6055106141257062,0.5492957499549852,0.6989484688292741,0.540712365941961,0.5543820152452953,0.39421617102772877,0.4579754289773,0.5260246628654462,0.6008311723987366,0.5286042136375536,0.6825135613611233,0.5207459239660475,0.6441703865871098,0.5562564595672876,0.7030657931622928,0.7330286916399092,0.7639708088203522,0.6778982298125537,0.8423617064919584,0.9087213969700357,0.5476322784910189,0.566463338588625,0.5761756690979105,0.6928326690736931,0.6553992838378714,0.695420670790971,0.5648940779118609
Phu Tho,0.6199038489215829,0.6635471392148431,0.7011917331096333,0.5936645559145877,0.35480153478624304,0.5353697029015823,0.30393014677132385,0.40542927538820633,0.5274869178001985,0.4336644431514907,0.4591981892913726,0.5256656596858622,0.5715886286534556,0.5204547451834101,0.6109034091315716,0.4803558882735674,0.5364752884595746,0.5793261198301217,0.5558069448995605,0.6258068080695939,0.49197452802190667,0.3579103127593612,0.39263748539157084,0.34185946612411655,0.33374386377666176,0.26820823059768667,0.41392952679366835,0.4086075563656507,0.33989138282532855,0.45520004276398524,0.5936613848756384,0.5653219360278882,0.5079791651290534,0.43012893536393726,0.4646344421794503,0.5177273741345069
Phu Yen,0.46866386544290883,0.5366001938823192,0.4235199362421031,0.5235331050052198,0.5265052278631883,0.3982042853854751,0.4573445792294518,0.6260984896486943,0.570737814592215,0.5895749237942767,0.5514016646129444,0.729092884203873,0.6806079643823508,0.6047292595213508,0.5877340158727494,0.5897720811044048,0.46651370936116754,0.606403493697152,0.5806714047651652,0.7797544737442171,0.5345390845064695,0.5683540514930006,0.5369304878415697,0.5890161875308639,0.6614006943149464,0.6080300692594905,0.6134579910712301,0.69592784497906,0.715640225733001,0.47408411594581096,0.38615097401356113,0.39986296132175875,0.45256598492839945,0.5374408761517714,0.6873999832969627,0.6461119250101515
Quang Binh,0.6123306667934495,0.7184961263285958,0.6241540390071053,0.511841343201628,0.5737770504466999,0.6410087832070543,0.43645513714313744,0.6215211136048887,0.6682866431229433,0.7104365452890304,0.7341659952444333,0.8441100788517896,0.6856619010701605,0.538987459593627,0.7059988834790181,0.6843987960657222,0.6479426002003227,0.7220136509969401,0.5998511754621829,0.538894513834476,0.4331827258341043,0.43321600706811025,0.4424202655425287,0.5588691332301933,0.6206169077680236,0.5976377358075444,0.5705302761406393,0.6390787672307348,0.6760580130911201,0.7170246597100983,0.7429830622423796,0.7003332665929218,0.7816514189532257,0.4958651830012573,0.45274033283969844,0.48938625783177603
Quang Nam,0.4948716081876681,0.6105811793949988,0.5019725290085351,0.40010133064752046,0.5355482953685365,0.46778503039245195,0.41536149089928087,0.59526552079539,0.7013956918479328,0.6999962082601175,0.6558015871210184,0.7577716542396923,0.5777133033416197,0.5026889115351041,0.4788224367067589,0.6669801675514822,0.6067309832217853,0.5868487843622509,0.5489432449995502,0.5987940048081802,0.589756771281199,0.542813003013775,0.5122221767322499,0.5436288179812322,0.617564883348309,0.5500790571827666,0.6818322386290196,0.6924641055681451,0.6438821457211334,0.5311765140831639,0.527271890340944,0.6399647189461825,0.7268460828200662,0.4715648747710672,0.4952873098526708,0.49048648572334513
Quang Ngai,0.44126142347333835,0.5585200957811811,0.5646344534178228,0.6456859012194321,0.6833536846816771,0.4706948206570793,0.3335436201439017,0.45762377195270115,0.6602941197242087,0.6876137512294884,0.6744244549174774,0.761637832527406,0.6643204274187081,0.5838302254764645,0.6565241942783971,0.7545297056083272,0.748259266162248,0.6946792441519266,0.6284857134385167,0.6095617251914446,0.6245654019489706,0.6065751982216856,0.6217147809529018,0.6163231833368806,0.6929899603809689,0.5769580898231743,0.738330280026755,0.7627856897317986,0.780304530789921,0.6343023874216476,0.593405951683151,0.6995250002222136,0.844517824663247,0.598935043003252,0.6098901238020451,0.5778174066121973
Quang Ninh,0.6279109691969276,0.766523617615175,0.7510147152707821,0.6634592071766718,0.6411981790965305,0.7987307193638559,0.5249250435324283,0.42753204913516357,0.42255316512099694,0.447384988753227,0.44768984555927244,0.6320194904440491,0.7512389767837475,0.7254999691213831,0.6985874120958747,0.548294271606562,0.532337000274415,0.6302818803261706,0.7176760828247739,0.7395160020876356,0.6267502885898836,0.5430687480354369,0.6345576392605803,0.5458534566403712,0.44235969529135194,0.4222385588760377,0.45190419759102524,0.5247418768883545,0.570808988507455,0.702412444465698,0.8235069033374373,0.7577647132848381,0.6792918612010035,0.5151436098849359,0.5394024206720789,0.5543163058116868
Quang Tri,0.5203053162103969,0.6700517511758046,0.5375433744727586,0.43940389034686894,0.5393254014070162,0.553399493263054,0.36602956529141306,0.5367569672063945,0.6046111674066423,0.6537585601882466,0.6254887385054535,0.7592196846831295,0.6342746520156596,0.5260077777978156,0.5907499623548162,0.6699515135811204,0.6340330713684699,0.6998154517875442,0.49165530073369157,0.4831035542386008,0.43520412857758356,0.4717815708239857,0.46395970475241527,0.5897232808538507,0.6683088078129665,0.6518634680560857,0.6823101357324105,0.6802737479405924,0.6906090100163707,0.6377382388318076,0.660699115967113,0.6705286943838965,0.7716397172773581,0.4937798248741358,0.4547313096565481,0.48068588598334805
Soc Trang,0.4533328386686911,0.2900371155156168,0.4320221746237891,0.7415341056713536,0.7117734754784689,0.7092846321884654,0.3369394230699136,0.38953216350376624,0.5555344479589238,0.704741753446092,0.6994348589342948,0.7914265307163939,0.41754312995441245,0.3510112226059783,0.24407868078079106,0.4936765244618535,0.5184292273761575,0.40273506615689453,0.3905160636939692,0.5203304341933672,0.5710623863800908,0.6635068496732465,0.7458965842367213,0.7342531181291936,0.715268163419653,0.572223203323473,0.46089397583749964,0.7156503424413923,0.8267156360740311,0.5681335987346103,0.48417864683332557,0.540198720577144,0.6017309509586575,0.47109096568996406,0.4359713864465751,0.4826526906970287
Son La,0.48828925846160515,0.5134029009779325,0.3921037367345206,0.452802778643124,0.40067092955872274,0.4888801302338474,0.5091552728130491,0.5278709350980666,0.598184858232249,0.4743713519036423,0.5144449129068116,0.522051749272449,0.30878527044044435,0.5037107188955979,0.4705512604365257,0.6837608796382976,0.7959277438328092,0.7290541810738213,0.6237006578029267,0.7261605147190916,0.6842991925489057,0.6718081175544383,0.7165729409061186,0.5239614347968911,0.6727551697544771,0.604813792194773,0.534098418044622,0.44466663122303257,0.47418801148638856,0.5470507125195325,0.6581226968668613,0.581455116497931,0.47824396159096966,0.48406627891991805,0.5768151149492142,0.6373603996225297
Tay Ninh,0.2326614448593026,0.14519397074663593,0.15619627876230902,0.3462756602142903,0.1594057367969994,0.24595962079654313,0.4437974710832981,0.5137645311558924,0.49076080990791004,0.5389287659208003,0.4300824692121252,0.4479320206706406,0.2709933125046484,0.39196628237328174,0.2376676025102211,0.24296062171789243,0.25538587545310737,0.3704885703408913,0.36839322083744264,0.5677360620143801,0.39428805230277614,0.5761667038080721,0.5966647532031882,0.6061893328979524,0.44594746870732266,0.30557910171186453,0.27367143679341055,0.3583092522802896,0.4912220887235809,0.24121209437744132,0.23602229761055715,0.32904685956137997,0.4466601309158539,0.5266535366453693,0.5550832509398547,0.43800363911631396
Thai Binh,0.702489920530623,0.8815904460618879,0.8266815644810125,0.5866895356051448,0.4235646294706435,0.6501920693348152,0.20243199372895307,0.02788224504276367,0.3240742052366279,0.5276814996009597,0.39448350154705775,0.46933580142250403,0.6028264582401692,0.7579436993386376,0.7584993278638024,0.538330887032135,0.44126706732630683,0.5743533893022241,0.6683538390029643,0.6260713121194831,0.6807878090305117,0.6497409374693445,0.5688093075752766,0.45120694327736344,0.3796835024546397,0.5148482732216901,0.4531874727763499,0.5182669136539557,0.547098072850256,0.6936557535495779,0.7424868732231192,0.49103155367389356,0.46863446073854914,0.40857380177359087,0.4053229714496022,0.4682220071284638
Thai Nguyen,0.638897247165078,0.6676584181040883,0.6663088933708631,0.6370449022623657,0.5427229626030315,0.6137451114313315,0.48428099192148677,0.44796830124875936,0.4852162646651947,0.3410398431271918,0.28363680937349506,0.36652719390566857,0.5934264058365374,0.5194068187193138,0.571807471327262,0.44067918315339083,0.43943461659238453,0.4417081074015525,0.47594962157092935,0.6236268041623878,0.455955792030672,0.2937441548085925,0.21259866828140092,0.29988023744767206,0.32626121654273615,0.2647761499432008,0.4266827861638051,0.4405376001190539,0.3589909292571962,0.4107327739723338,0.7093005738567839,0.6719973270885256,0.49179739089938124,0.3669206412376621,0.3698677923786439,0.48351509415139915
Thanh Hoa,0.6634532583055001,0.6750401226553098,0.651541264055513,0.505048723372641,0.4152621784047413,0.6103138829510079,0.16716541443513588,0.2039026270338172,0.44071569760671203,0.5345376778137851,0.4920940268706644,0.5458850855285476,0.38200182926446846,0.3121745230785312,0.4502182750473306,0.35739990409296823,0.3758570130982423,0.5316956182715978,0.4215204310631861,0.5247148324662907,0.62617784420349,0.5057629380640113,0.5204069152202376,0.3300314437210044,0.3405461485041859,0.33431688001310084,0.269302885827797,0.3963877261549796,0.500475721418254,0.6603619866971108,0.7548699979601655,0.6115029702417933,0.5685504550921445,0.4834268989775822,0.4096018172126128,0.4268966872164616
Thua Thien Hue,0.4759172172711574,0.6681877660991046,0.5796387615580925,0.4098015969525361,0.5412890940241217,0.4849608388074054,0.4748057956289649,0.6631909112544103,0.6617791032713886,0.6775454763641494,0.6306687051339231,0.7638889679003779,0.6017888709799362,0.5462157944683016,0.560237874055315,0.7409499698772948,0.6784512327211849,0.6197116621624452,0.55710319590728,0.5905728846298938,0.5464741678690622,0.5641782293016046,0.5421950375761636,0.6353558915891278,0.6813667892552875,0.6759203006868848,0.7187594259796287,0.6199656249832847,0.6068928888209204,0.4850632890805558,0.575120997201471,0.6434018328456785,0.7458196342259057,0.4591777433634348,0.48687781846471306,0.49623349020488133
Tien Giang,0.3800301958530677,0.3781789653718812,0.40870793026813,0.5095991904916986,0.4279594660782622,0.4386853246008739,0.4575126532066227,0.5776114994257084,0.5769723174951065,0.5517165992456867,0.4487924342866225,0.5354388763637495,0.3689323341517086,0.5308735690723433,0.4396242570208622,0.36551664188455807,0.39947215926236596,0.468372124636448,0.3903997905285012,0.589018825962362,0.5824759927802986,0.7404035139910419,0.6968944554049523,0.7262699211755179,0.624239739408028,0.5854722904228162,0.5504520256669081,0.5932738944299233,0.7029901677522393,0.4011795324071658,0.35503981409830226,0.37776919559302663,0.4703936253123187,0.5185361690559231,0.5144421979096854,0.4695311097530094
Tra Vinh,0.4222286243035544,0.3740282695100772,0.48467047091248056,0.7062806163080327,0.6718501588328946,0.6541488351058421,0.5125229054648938,0.5410879872416349,0.5475836935516882,0.5981096180818803,0.5990031078610241,0.7652467250122216,0.48626333594284904,0.525128937014451,0.435301268781573,0.5364118531291673,0.5267351673381769,0.5055106948018637,0.4257737894231083,0.6232207867779755,0.5528219996290478,0.701743538550963,0.7969573015391113,0.9017388638989098,0.7696979240892762,0.6480110205353138,0.6090062968816888,0.7297294034866353,0.8881330898646362,0.520953309084322,0.43854346288730395,0.4495018750159902,0.5726273747840814,0.4622236899451718,0.43041032120806283,0.5383647119849893
Tuyen Quang,0.6344594082084698,0.6186586567528753,0.5757200647880775,0.5497981018574107,0.4134344150734725,0.5957918580873507,0.5551643754453246,0.5683196193577041,0.6063897748792667,0.41599745524504916,0.41379976392487144,0.4849962676035266,0.5930468171892299,0.5061506976884609,0.4907662715166912,0.39583525503806216,0.3934938045726753,0.3920393765994324,0.4395854833518706,0.6412263678242418,0.5485368058006348,0.45534562598165257,0.38614507872764625,0.42760257201647267,0.43250590004146233,0.33168460089981294,0.44674787839063484,0.4524478608599964,0.30652288286129414,0.4782758692009847,0.6472230722730304,0.627573903406538,0.5341859714150814,0.44655539000136973,0.4318373638742446,0.5896026164603211
Vinh Long,0.4520318719955922,0.436195734349384,0.4101297391195108,0.5109428279301922,0.4259639590109916,0.5180405377980847,0.3521075629025164,0.4039353253478107,0.45184210161426014,0.574433456021214,0.6101565712328609,0.612396081617456,0.39587005513862866,0.5700704846610294,0.44060784350226617,0.3510077971281623,0.3801688274724646,0.40642993680880907,0.3333183326730724,0.49096483009005587,0.44693058501022137,0.6460591203565096,0.7664285875405223,0.6767978846615457,0.6688766113328555,0.6468623823151635,0.5310789065018611,0.5537383848534352,0.6251603227607827,0.3775334853111626,0.3586806006731819,0.36149029501997865,0.4201072728797805,0.4521876596338339,0.5293383014440369,0.4889001024919965
Vinh Phuc,0.6549404721987055,0.7351226528350819,0.7309858354025492,0.6397840763063665,0.47759238717782715,0.5220611107044874,0.2550832322962596,0.367851694733249,0.5785988580927158,0.46018586797581945,0.39637155561198895,0.4595226550811853,0.6078111480574165,0.5853119084694739,0.6203240727041784,0.4725915124869125,0.5350066719516058,0.4694586924517716,0.506388695038417,0.6015921841857332,0.5258273423875468,0.33679154570916564,0.30297266868081213,0.3255440336235127,0.30971501176557664,0.26558512979299087,0.39280683431197044,0.31187267013040726,0.30804659091294345,0.32775790846685415,0.47632990233027944,0.5119658791487552,0.5633508214909626,0.43129624844857783,0.45951223400324304,0.5296368311795822
Yen Bai,0.5852278327677759,0.5812071171950306,0.5498462154504624,0.5675520628102527,0.3813700963002864,0.41683800822400624,0.4614961537876845,0.48391809806785907,0.5602523674502672,0.4762306782087573,0.549917840446852,0.58220366652498,0.43525459272199923,0.5701297290127493,0.565802043007229,0.603033433424523,0.5612818081791924,0.4844746677060569,0.4687853051638681,0.6519404677529452,0.5821104524775254,0.5946433797744624,0.6138852375870564,0.4875875708831505,0.6015440716623143,0.5081349183862786,0.5815349797215741,0.5185314796113115,0.36992176383936715,0.4288020989304649,0.6201211134856256,0.5426463557672722,0.5058004112085486,0.504923612750016,0.543089007070673,0.6762648668076201
