Province,DVI_2015,DVI_2016,DVI_2017,DVI_2018,DVI_2019,DVI_2020,DVI_2021,DVI_2022
An Giang,0.417265074,0.337451256,0.377934466,0.276522172,0.275836366,0.303319237,0.326253221,0.281626661
Ba Ria - Vung Tau,0.223046628,0.158005697,0.184860731,0.144333039,0.126889851,0.160073605,0.18418432,0.139100982
Bac Giang,0.394334893,0.261209986,0.31289969,0.213507904,0.196292106,0.200878337,0.229802944,0.177169211
Bac Kan,0.550283472,0.49627131,0.578254506,0.460592039,0.445219866,0.442497956,0.473066412,0.408829918
Bac Lieu,0.433264251,0.388765008,0.407545225,0.314178197,0.298584809,0.32066772,0.322104935,0.275583879
Bac Ninh,0.255275511,0.158925174,0.199047422,0.120175321,0.099007631,0.113888401,0.155298023,0.115742928
Ben Tre,0.450976467,0.341154671,0.390838069,0.269056536,0.259057812,0.287994084,0.317778018,0.248323081
Binh Dinh,0.411858831,0.291164399,0.349663847,0.25176691,0.233467655,0.241597361,0.284089365,0.225604454
Binh Duong,0.189239871,0.127879465,0.168845939,0.078083859,0.044490136,0.069976172,0.060663831,0.019927588
Binh Phuoc,0.369043034,0.29011431,0.304927245,0.272005708,0.251404669,0.261359985,0.275661394,0.223745264
Binh Thuan,0.377834736,0.293868128,0.343904719,0.245935377,0.239249105,0.245898457,0.252255152,0.228848596
Ca Mau,0.371105203,0.343937546,0.380475738,0.270980855,0.270951891,0.299176635,0.317682175,0.263520332
Can Tho,0.341563328,0.247309595,0.284276502,0.206132714,0.169715634,0.174656695,0.195719774,0.146544914
Cao Bang,0.647369951,0.607695966,0.667982362,0.569842435,0.536031302,0.496366912,0.537024809,0.478121277
Da Nang,0.255697119,0.146756817,0.199349617,0.11473552,0.083455452,0.113338084,0.136062713,0.094137298
Dak Lak,0.459403054,0.394655774,0.44326332,0.353540452,0.326623352,0.374106714,0.371788419,0.326170605
Dak Nong,0.501455384,0.412997483,0.407844288,0.327746317,0.335562574,0.358683509,0.3707179,0.33891081
Dien Bien,0.736235023,0.810582102,0.855846718,0.766920627,0.735355603,0.668700377,0.686265494,0.632274368
Dong Nai,0.244965903,0.161389608,0.190103697,0.132744474,0.114207027,0.121923838,0.129793883,0.103635666
Dong Thap,0.442316404,0.333065075,0.385592758,0.27899919,0.257194679,0.28061473,0.283164851,0.236100619
Gia Lai,0.57726208,0.579125201,0.607943906,0.4904561,0.460159066,0.48439507,0.492886051,0.435456353
Ha Giang,0.726753316,0.723512826,0.790997338,0.705990606,0.659329384,0.62453948,0.636323769,0.637976236
Ha Nam,0.357272798,0.232148772,0.289710273,0.196373301,0.180213691,0.179178842,0.191861822,0.148350712
Ha Noi,0.218538795,0.120517096,0.162885633,0.086111197,0.070178147,0.079876099,0.101619208,0.067016864
Ha Tinh,0.445522329,0.322620502,0.378040383,0.265657719,0.245852293,0.252852401,0.291539312,0.220035516
Hai Duong,0.308468591,0.211229498,0.268591164,0.188017443,0.16777072,0.173159123,0.196208967,0.138276941
Hai Phong,0.239842882,0.149493701,0.196162214,0.128681656,0.107240573,0.12183557,0.144502225,0.092601587
Hau Giang,0.448608385,0.336817719,0.368860343,0.266205942,0.258288047,0.262358271,0.291998374,0.248053915
Ho Chi Minh,0.177280376,0.093827831,0.156065555,0.082794033,0.051459461,0.060604027,0.09504246,0.064464833
Hoa Binh,0.479545381,0.370312615,0.426428169,0.32043294,0.308395054,0.291307384,0.335971029,0.259000256
Hung Yen,0.342148622,0.226056675,0.277177684,0.185853307,0.167419953,0.183274587,0.204165824,0.153458908
Khanh Hoa,0.357893277,0.261352813,0.327787597,0.235267962,0.209515443,0.244263379,0.264749207,0.2045133
Kien Giang,0.38941379,0.341744014,0.367270435,0.276610353,0.258318821,0.27898669,0.29647723,0.241515626
Kon Tum,0.564959575,0.533816728,0.592574504,0.499910272,0.468530179,0.441752984,0.456229718,0.401516741
Lai Chau,0.87684433,0.877413084,0.891341649,0.830404259,0.76836564,0.711892066,0.657852754,0.681291023
Lam Dong,0.415983355,0.327681328,0.354324491,0.257335408,0.248268303,0.283897438,0.296057676,0.254470807
Lang Son,0.494496576,0.414729842,0.485820346,0.374366744,0.362760225,0.339456631,0.369826339,0.290050127
Lao Cai,0.604986943,0.516949068,0.594729731,0.513658184,0.475222821,0.464068541,0.450307664,0.426558409
Long An,0.365953794,0.25204155,0.275606272,0.195325685,0.187290691,0.201678276,0.246028094,0.209272765
Nam Dinh,0.334057957,0.237196273,0.296025493,0.207299946,0.192047687,0.188710247,0.205118689,0.142687651
Nghe An,0.473173079,0.374249579,0.457618049,0.313821029,0.298591527,0.287801852,0.328903619,0.233986552
Ninh Binh,0.35666627,0.232170499,0.289019833,0.194808272,0.17804695,0.192119481,0.205399583,0.150801897
Ninh Thuan,0.478730794,0.421478657,0.491562797,0.392304056,0.37091184,0.371927553,0.397813146,0.357748349
Phu Tho,0.409101554,0.293755507,0.358330642,0.253220453,0.23500246,0.24167339,0.272482643,0.199798626
Phu Yen,0.438504068,0.336098765,0.392189724,0.301228985,0.276353727,0.27849802,0.305885793,0.264025716
Quang Binh,0.454548014,0.326420548,0.395118024,0.289328115,0.270566729,0.269136285,0.297908367,0.233406203
Quang Nam,0.438791998,0.332802562,0.406656299,0.30069171,0.271190237,0.264683223,0.283426386,0.244008574
Quang Ngai,0.472401707,0.354051998,0.426253684,0.318329493,0.298856236,0.29885852,0.32465794,0.259316852
Quang Ninh,0.304087801,0.19863349,0.243912124,0.162641048,0.146464034,0.18080586,0.2166383,0.158113884
Quang Tri,0.487836247,0.390472293,0.452948157,0.351952878,0.326318682,0.324477275,0.339121011,0.298670346
Soc Trang,0.531503333,0.40616357,0.432421906,0.297569563,0.308406028,0.323945744,0.360798769,0.301082947
Son La,0.689074927,0.731258876,0.779710315,0.69190657,0.643790404,0.597515266,0.622977005,0.535774403
Tay Ninh,0.352985921,0.253118127,0.288656487,0.199695854,0.189944683,0.217890642,0.247922815,0.194615441
Thai Binh,0.382856661,0.248716088,0.314803512,0.193487623,0.182608318,0.182303759,0.209722658,0.147025409
Thai Nguyen,0.375904205,0.246631223,0.305439554,0.200041152,0.190362375,0.218467026,0.236620307,0.171079316
Thanh Hoa,0.456130057,0.321050162,0.389618576,0.278113627,0.253700803,0.248287342,0.275640173,0.210010601
Thua Thien Hue,0.405268057,0.29981066,0.376496418,0.282864445,0.246674287,0.260332787,0.272369812,0.227504654
Tien Giang,0.411148988,0.288563333,0.328860154,0.213984696,0.212338622,0.226784989,0.269110346,0.218955777
Tra Vinh,0.522857698,0.437486861,0.467356877,0.366834765,0.344250104,0.355396263,0.355304642,0.314941832
Tuyen Quang,0.502652998,0.425010515,0.489574894,0.375391766,0.357554032,0.355633795,0.372834676,0.28535884
Vinh Long,0.411755316,0.336105437,0.396833236,0.286105804,0.259233524,0.2844327,0.330483413,0.250594672
Vinh Phuc,0.334432733,0.22585948,0.296320474,0.202720675,0.174457399,0.1764608,0.187871689,0.128323479
Yen Bai,0.579232334,0.494256872,0.551366479,0.448628893,0.426868357,0.409235892,0.429609223,0.39131415
